team,wins,losses,season,payroll,inflationAdjPayroll,revenue
Team,,,2000,,,
San Antonio Spurs,58.0,24.0,2000,57215938.0,98339386.0,82000000.0
Sacramento Kings,55.0,27.0,2000,46266289.0,79519774.0,87000000.0
Utah Jazz,53.0,29.0,2000,53893860.0,92629595.0,88000000.0
Philadelphia 76ers,56.0,26.0,2000,51085458.0,87802677.0,103000000.0
Portland Trail Blazers,50.0,32.0,2000,87395140.0,150209627.0,103000000.0
Dallas Mavericks,53.0,29.0,2000,52274842.0,89846921.0,68000000.0
Milwaukee Bucks,52.0,30.0,2000,57819318.0,99376441.0,65000000.0
Los Angeles Lakers,56.0,26.0,2000,58968213.0,101351093.0,144000000.0
New York Knicks,48.0,34.0,2000,74007738.0,127200145.0,157000000.0
Miami Heat,50.0,32.0,2000,73472329.0,126279916.0,99000000.0
Toronto Raptors,47.0,35.0,2000,38313749.0,65851414.0,75000000.0
Houston Rockets,45.0,37.0,2000,49283309.0,84705250.0,81000000.0
Charlotte Hornets,46.0,36.0,2000,46441558.0,79821014.0,65000000.0
Phoenix Suns,51.0,31.0,2000,53906347.0,92651057.0,102000000.0
Minnesota Timberwolves,47.0,35.0,2000,47488500.0,81620437.0,77000000.0
Orlando Magic,43.0,39.0,2000,37459860.0,64383801.0,76000000.0
Seattle SuperSonics,44.0,38.0,2000,,,80000000.0
Indiana Pacers,41.0,41.0,2000,55086140.0,94678814.0,89000000.0
Detroit Pistons,32.0,50.0,2000,40475338.0,69566624.0,92000000.0
Boston Celtics,36.0,46.0,2000,51478707.0,88478570.0,81000000.0
Denver Nuggets,40.0,42.0,2000,52189220.0,89699760.0,72000000.0
Los Angeles Clippers,31.0,51.0,2000,29606189.0,50885371.0,68000000.0
Cleveland Cavaliers,30.0,52.0,2000,49780549.0,85559875.0,75000000.0
New Jersey Nets,26.0,56.0,2000,,,73000000.0
Atlanta Hawks,25.0,57.0,2000,39297129.0,67541590.0,76000000.0
Vancouver Grizzlies,23.0,59.0,2000,,,
Washington Wizards,19.0,63.0,2000,59085969.0,101553484.0,81000000.0
Golden State Warriors,17.0,65.0,2000,42363018.0,72811059.0,69000000.0
Chicago Bulls,15.0,67.0,2000,29691907.0,51032701.0,117000000.0
League Average,,,2000,,,
Team,,,2001,,,
Sacramento Kings,61.0,21.0,2001,54921012.0,91425274.0,87000000.0
Los Angeles Lakers,58.0,24.0,2001,54262017.0,90328263.0,144000000.0
San Antonio Spurs,58.0,24.0,2001,45844814.0,76316410.0,82000000.0
New Jersey Nets,52.0,30.0,2001,,,73000000.0
Dallas Mavericks,57.0,25.0,2001,57960080.0,96484312.0,68000000.0
Minnesota Timberwolves,50.0,32.0,2001,55093782.0,91712876.0,77000000.0
Portland Trail Blazers,49.0,33.0,2001,84292850.0,140319647.0,103000000.0
Seattle SuperSonics,45.0,37.0,2001,,,80000000.0
Boston Celtics,49.0,33.0,2001,47515677.0,79097845.0,81000000.0
Detroit Pistons,50.0,32.0,2001,42417677.0,70611365.0,92000000.0
Philadelphia 76ers,43.0,39.0,2001,58073366.0,96672896.0,103000000.0
Orlando Magic,44.0,38.0,2001,45984001.0,76548112.0,76000000.0
Utah Jazz,44.0,38.0,2001,52642362.0,87632078.0,88000000.0
Charlotte Hornets,44.0,38.0,2001,49999445.0,83232496.0,65000000.0
Indiana Pacers,42.0,40.0,2001,53398621.0,88890997.0,89000000.0
Milwaukee Bucks,41.0,41.0,2001,56224266.0,93594760.0,65000000.0
Los Angeles Clippers,39.0,43.0,2001,33849932.0,56348909.0,68000000.0
Toronto Raptors,42.0,40.0,2001,52657161.0,87656710.0,75000000.0
Phoenix Suns,36.0,46.0,2001,56596369.0,94214187.0,102000000.0
Washington Wizards,37.0,45.0,2001,54776087.0,91184019.0,81000000.0
Miami Heat,36.0,46.0,2001,53351186.0,88812030.0,99000000.0
Cleveland Cavaliers,29.0,53.0,2001,45649974.0,75992069.0,75000000.0
New York Knicks,30.0,52.0,2001,85993039.0,143149897.0,157000000.0
Atlanta Hawks,33.0,49.0,2001,51525207.0,85772381.0,76000000.0
Houston Rockets,28.0,54.0,2001,49168169.0,81848694.0,81000000.0
Golden State Warriors,21.0,61.0,2001,47681152.0,79373305.0,69000000.0
Denver Nuggets,27.0,55.0,2001,54460475.0,90658629.0,72000000.0
Memphis Grizzlies,23.0,59.0,2001,50920631.0,84765963.0,53000000.0
Chicago Bulls,21.0,61.0,2001,42592857.0,70902978.0,117000000.0
League Average,,,2001,,,
Team,,,2002,,,
Dallas Mavericks,60.0,22.0,2002,72940316.0,120139056.0,122000000.0
Sacramento Kings,59.0,23.0,2002,70416596.0,115982270.0,93000000.0
San Antonio Spurs,60.0,22.0,2002,53182559.0,87596308.0,113000000.0
New Jersey Nets,49.0,33.0,2002,,,98000000.0
Detroit Pistons,50.0,32.0,2002,47777888.0,78694343.0,118000000.0
Indiana Pacers,48.0,34.0,2002,53472323.0,88073576.0,103000000.0
Portland Trail Blazers,50.0,32.0,2002,105595657.0,173925253.0,83000000.0
Utah Jazz,47.0,35.0,2002,50934629.0,83893772.0,96000000.0
Los Angeles Lakers,50.0,32.0,2002,63151182.0,104015499.0,159000000.0
Philadelphia 76ers,48.0,34.0,2002,64822487.0,106768285.0,118000000.0
Minnesota Timberwolves,51.0,31.0,2002,59518801.0,98032650.0,94000000.0
New Orleans Hornets,47.0,35.0,2002,,,92000000.0
Houston Rockets,43.0,39.0,2002,50181239.0,82652870.0,
Phoenix Suns,44.0,38.0,2002,55225080.0,90960518.0,115000000.0
Orlando Magic,42.0,40.0,2002,50435346.0,83071410.0,88000000.0
Milwaukee Bucks,42.0,40.0,2002,57995152.0,95523069.0,85000000.0
Seattle SuperSonics,40.0,42.0,2002,,,86000000.0
Boston Celtics,44.0,38.0,2002,52548195.0,86551455.0,113000000.0
Washington Wizards,37.0,45.0,2002,46691190.0,76904456.0,106000000.0
Golden State Warriors,38.0,44.0,2002,47737715.0,78628174.0,87000000.0
New York Knicks,37.0,45.0,2002,93452379.0,153924217.0,170000000.0
Memphis Grizzlies,28.0,54.0,2002,61009172.0,100487421.0,84000000.0
Atlanta Hawks,35.0,47.0,2002,55711549.0,91761773.0,89000000.0
Los Angeles Clippers,27.0,55.0,2002,42955777.0,70751903.0,90000000.0
Chicago Bulls,30.0,52.0,2002,44531095.0,73346593.0,129000000.0
Miami Heat,25.0,57.0,2002,57378326.0,94507103.0,95000000.0
Toronto Raptors,24.0,58.0,2002,55408207.0,91262143.0,106000000.0
Denver Nuggets,17.0,65.0,2002,49109209.0,80887143.0,92000000.0
Cleveland Cavaliers,17.0,65.0,2002,49610448.0,81712729.0,103000000.0
League Average,,,2002,,,
Team,,,2003,,,
San Antonio Spurs,57.0,25.0,2003,46464064.0,74947262.0,105000000.0
Detroit Pistons,54.0,28.0,2003,53442834.0,86204128.0,102000000.0
Indiana Pacers,61.0,21.0,2003,58156236.0,93806919.0,94000000.0
Minnesota Timberwolves,58.0,24.0,2003,71272042.0,114962924.0,85000000.0
Sacramento Kings,55.0,27.0,2003,68372826.0,110286439.0,102000000.0
Dallas Mavericks,52.0,30.0,2003,79536723.0,128293984.0,117000000.0
Los Angeles Lakers,56.0,26.0,2003,64123085.0,103431541.0,149000000.0
New Jersey Nets,47.0,35.0,2003,,,94000000.0
Memphis Grizzlies,50.0,32.0,2003,57378323.0,92552133.0,63000000.0
Houston Rockets,45.0,37.0,2003,55401430.0,89363372.0,82000000.0
Denver Nuggets,43.0,39.0,2003,39398646.0,63550630.0,75000000.0
Milwaukee Bucks,41.0,41.0,2003,53229826.0,85860542.0,70000000.0
Miami Heat,42.0,40.0,2003,47349374.0,76375279.0,91000000.0
New Orleans Hornets,41.0,41.0,2003,,,80000000.0
Seattle SuperSonics,37.0,45.0,2003,,,70000000.0
Golden State Warriors,37.0,45.0,2003,53376708.0,86097462.0,70000000.0
Portland Trail Blazers,41.0,41.0,2003,82956768.0,133810569.0,
Utah Jazz,42.0,40.0,2003,34747674.0,56048537.0,85000000.0
Boston Celtics,36.0,46.0,2003,60185915.0,97080824.0,97000000.0
New York Knicks,39.0,43.0,2003,89444820.0,144275901.0,160000000.0
Philadelphia 76ers,33.0,49.0,2003,60411079.0,97444017.0,109000000.0
Cleveland Cavaliers,35.0,47.0,2003,46186472.0,74499502.0,72000000.0
Toronto Raptors,33.0,49.0,2003,63033243.0,101673609.0,96000000.0
Phoenix Suns,29.0,53.0,2003,66931770.0,107961996.0,109000000.0
Los Angeles Clippers,28.0,54.0,2003,39114363.0,63092076.0,72000000.0
Atlanta Hawks,28.0,54.0,2003,64497340.0,104035221.0,78000000.0
Washington Wizards,25.0,57.0,2003,45682902.0,73687234.0,98000000.0
Chicago Bulls,23.0,59.0,2003,55489797.0,89505911.0,119000000.0
Orlando Magic,21.0,61.0,2003,50588419.0,81599909.0,80000000.0
League Average,,,2003,,,
Team,,,2004,,,
San Antonio Spurs,59.0,23.0,2004,47504123.0,74201333.0,121000000.0
Phoenix Suns,62.0,20.0,2004,44598682.0,69663040.0,132000000.0
Miami Heat,59.0,23.0,2004,59523529.0,92975618.0,119000000.0
Dallas Mavericks,58.0,24.0,2004,91908443.0,143560784.0,124000000.0
Houston Rockets,51.0,31.0,2004,60284303.0,94163947.0,141000000.0
Detroit Pistons,54.0,28.0,2004,54762481.0,85538871.0,134000000.0
Seattle SuperSonics,52.0,30.0,2004,,,81000000.0
Memphis Grizzlies,45.0,37.0,2004,67010830.0,104670765.0,98000000.0
Sacramento Kings,50.0,32.0,2004,61807688.0,96543472.0,119000000.0
Denver Nuggets,49.0,33.0,2004,46101759.0,72010845.0,
Minnesota Timberwolves,44.0,38.0,2004,70123411.0,109532614.0,101000000.0
Chicago Bulls,47.0,35.0,2004,57276129.0,89465182.0,136000000.0
Boston Celtics,45.0,37.0,2004,64577356.0,100869682.0,110000000.0
Cleveland Cavaliers,42.0,40.0,2004,49175274.0,76811666.0,102000000.0
Indiana Pacers,44.0,38.0,2004,66064780.0,103193038.0,108000000.0
Washington Wizards,45.0,37.0,2004,49797050.0,77782880.0,106000000.0
Philadelphia 76ers,43.0,39.0,2004,71951878.0,112388675.0,110000000.0
Los Angeles Clippers,37.0,45.0,2004,45483265.0,71044757.0,83000000.0
New Jersey Nets,42.0,40.0,2004,,,87000000.0
Toronto Raptors,33.0,49.0,2004,61703775.0,96381158.0,94000000.0
Golden State Warriors,34.0,48.0,2004,54943723.0,85821972.0,81000000.0
Orlando Magic,36.0,46.0,2004,66445249.0,103787330.0,82000000.0
New York Knicks,33.0,49.0,2004,102567539.0,160210270.0,181000000.0
Milwaukee Bucks,30.0,52.0,2004,57448246.0,89734030.0,78000000.0
Los Angeles Lakers,34.0,48.0,2004,65059098.0,101622167.0,156000000.0
Portland Trail Blazers,27.0,55.0,2004,83671309.0,130694399.0,78000000.0
Utah Jazz,26.0,56.0,2004,43515760.0,67971518.0,91000000.0
Charlotte Bobcats,18.0,64.0,2004,,,73000000.0
New Orleans Hornets,18.0,64.0,2004,,,78000000.0
Atlanta Hawks,13.0,69.0,2004,41059616.0,64135028.0,87000000.0
League Average,,,2004,,,
Team,,,2005,,,
San Antonio Spurs,63.0,19.0,2005,63570274.0,96846117.0,131000000.0
Detroit Pistons,64.0,18.0,2005,59619275.0,90826969.0,154000000.0
Dallas Mavericks,60.0,22.0,2005,98454832.0,149990990.0,140000000.0
Phoenix Suns,54.0,28.0,2005,53626924.0,81697921.0,145000000.0
Memphis Grizzlies,49.0,33.0,2005,67525538.0,102871764.0,98000000.0
Miami Heat,52.0,30.0,2005,60732452.0,92522835.0,131000000.0
Los Angeles Lakers,45.0,37.0,2005,72917945.0,111086824.0,168000000.0
Cleveland Cavaliers,50.0,32.0,2005,51303962.0,78159006.0,152000000.0
Indiana Pacers,41.0,41.0,2005,78791779.0,120035315.0,107000000.0
Washington Wizards,42.0,40.0,2005,54555947.0,83113242.0,112000000.0
Sacramento Kings,44.0,38.0,2005,62811975.0,95690888.0,128000000.0
Los Angeles Clippers,47.0,35.0,2005,51358645.0,78242312.0,98000000.0
New Jersey Nets,49.0,33.0,2005,,,102000000.0
Chicago Bulls,41.0,41.0,2005,57166530.0,87090333.0,161000000.0
Denver Nuggets,44.0,38.0,2005,56492172.0,86062985.0,104000000.0
Milwaukee Bucks,40.0,42.0,2005,63022514.0,96011630.0,88000000.0
Orlando Magic,36.0,46.0,2005,75784782.0,115454308.0,92000000.0
Golden State Warriors,34.0,48.0,2005,57114566.0,87011173.0,103000000.0
Houston Rockets,34.0,48.0,2005,69257404.0,105510172.0,149000000.0
Boston Celtics,33.0,49.0,2005,56907300.0,86695411.0,117000000.0
Minnesota Timberwolves,33.0,49.0,2005,61830186.0,94195177.0,103000000.0
Philadelphia 76ers,38.0,44.0,2005,84807300.0,129199660.0,112000000.0
Utah Jazz,41.0,41.0,2005,57372902.0,87404731.0,114000000.0
New Orleans/Oklahoma City Hornets,38.0,44.0,2005,,,
Toronto Raptors,27.0,55.0,2005,62411884.0,95081368.0,124000000.0
Seattle SuperSonics,35.0,47.0,2005,,,81000000.0
Charlotte Bobcats,26.0,56.0,2005,,,93000000.0
Atlanta Hawks,26.0,56.0,2005,42944553.0,65423864.0,95000000.0
New York Knicks,23.0,59.0,2005,126631098.0,192916121.0,185000000.0
Portland Trail Blazers,21.0,61.0,2005,60017964.0,91434350.0,82000000.0
League Average,,,2005,,,
Team,,,2006,,,
San Antonio Spurs,58.0,24.0,2006,65654320.0,95880216.0,131000000.0
Dallas Mavericks,67.0,15.0,2006,88531846.0,129290082.0,140000000.0
Phoenix Suns,61.0,21.0,2006,65841120.0,96153014.0,145000000.0
Chicago Bulls,49.0,33.0,2006,54754904.0,79962932.0,161000000.0
Houston Rockets,52.0,30.0,2006,63837566.0,93227062.0,149000000.0
Detroit Pistons,53.0,29.0,2006,59010951.0,86178374.0,154000000.0
Cleveland Cavaliers,50.0,32.0,2006,62992729.0,91993282.0,152000000.0
Utah Jazz,51.0,31.0,2006,62364364.0,91075629.0,114000000.0
Denver Nuggets,45.0,37.0,2006,65517776.0,95680807.0,104000000.0
Toronto Raptors,47.0,35.0,2006,51015491.0,74501967.0,124000000.0
Orlando Magic,40.0,42.0,2006,61447108.0,89736088.0,92000000.0
Los Angeles Lakers,42.0,40.0,2006,77099949.0,112595178.0,170000000.0
Golden State Warriors,42.0,40.0,2006,65012368.0,94942718.0,103000000.0
Washington Wizards,41.0,41.0,2006,62733705.0,91615008.0,112000000.0
Los Angeles Clippers,40.0,42.0,2006,59181038.0,86426765.0,98000000.0
New Jersey Nets,41.0,41.0,2006,,,102000000.0
Miami Heat,44.0,38.0,2006,64416312.0,94072248.0,131000000.0
New Orleans/Oklahoma City Hornets,39.0,43.0,2006,,,
Sacramento Kings,33.0,49.0,2006,64296611.0,93897442.0,128000000.0
Indiana Pacers,35.0,47.0,2006,63118965.0,92177635.0,107000000.0
Seattle SuperSonics,31.0,51.0,2006,,,81000000.0
New York Knicks,33.0,49.0,2006,117350866.0,171376790.0,196000000.0
Philadelphia 76ers,35.0,47.0,2006,69140163.0,100970867.0,112000000.0
Boston Celtics,24.0,58.0,2006,62981479.0,91976850.0,117000000.0
Minnesota Timberwolves,32.0,50.0,2006,66820673.0,97583533.0,103000000.0
Charlotte Bobcats,33.0,49.0,2006,,,93000000.0
Milwaukee Bucks,28.0,54.0,2006,63498518.0,92731925.0,88000000.0
Portland Trail Blazers,32.0,50.0,2006,75026386.0,109566990.0,82000000.0
Atlanta Hawks,30.0,52.0,2006,48581972.0,70948106.0,95000000.0
Memphis Grizzlies,22.0,60.0,2006,61960489.0,90485819.0,98000000.0
League Average,,,2006,,,
Team,,,2007,,,
Boston Celtics,66.0,16.0,2007,74509455.0,105964761.0,151000000.0
Detroit Pistons,59.0,23.0,2007,65898875.0,93719090.0,147000000.0
Los Angeles Lakers,57.0,25.0,2007,72626796.0,103287307.0,214000000.0
Utah Jazz,54.0,28.0,2007,64959089.0,92382560.0,121000000.0
Orlando Magic,52.0,30.0,2007,58165973.0,82721625.0,108000000.0
New Orleans Hornets,56.0,26.0,2007,,,
San Antonio Spurs,56.0,26.0,2007,70048523.0,99620574.0,135000000.0
Houston Rockets,55.0,27.0,2007,69894114.0,99400981.0,153000000.0
Phoenix Suns,55.0,27.0,2007,71323049.0,101433166.0,147000000.0
Dallas Mavericks,51.0,31.0,2007,101694879.0,144626929.0,146000000.0
Denver Nuggets,50.0,32.0,2007,82958227.0,117980313.0,113000000.0
Toronto Raptors,41.0,41.0,2007,66042375.0,93923170.0,138000000.0
Golden State Warriors,48.0,34.0,2007,62148303.0,88385154.0,119000000.0
Philadelphia 76ers,40.0,42.0,2007,74038229.0,105294598.0,110000000.0
Washington Wizards,43.0,39.0,2007,65278996.0,92837520.0,107000000.0
Cleveland Cavaliers,45.0,37.0,2007,82217583.0,116926993.0,161000000.0
Portland Trail Blazers,41.0,41.0,2007,73241335.0,104161282.0,127000000.0
Indiana Pacers,36.0,46.0,2007,66260246.0,94233021.0,
Atlanta Hawks,37.0,45.0,2007,55501133.0,78931784.0,105000000.0
Sacramento Kings,38.0,44.0,2007,63403225.0,90169860.0,103000000.0
Chicago Bulls,33.0,49.0,2007,63084166.0,89716109.0,169000000.0
Charlotte Bobcats,32.0,50.0,2007,,,98000000.0
New Jersey Nets,34.0,48.0,2007,,,89000000.0
Memphis Grizzlies,22.0,60.0,2007,54118526.0,76965485.0,92000000.0
New York Knicks,23.0,59.0,2007,96190114.0,136798241.0,226000000.0
Minnesota Timberwolves,22.0,60.0,2007,69043895.0,98191828.0,95000000.0
Milwaukee Bucks,26.0,56.0,2007,62571522.0,88987044.0,92000000.0
Los Angeles Clippers,23.0,59.0,2007,64847945.0,92224494.0,102000000.0
Seattle SuperSonics,20.0,62.0,2007,,,
Miami Heat,15.0,67.0,2007,74767603.0,106331889.0,
League Average,,,2007,,,
Team,,,2008,,,
Cleveland Cavaliers,66.0,16.0,2008,91298233.0,123632608.0,161000000.0
Boston Celtics,62.0,20.0,2008,79188973.0,107234707.0,151000000.0
Los Angeles Lakers,65.0,17.0,2008,78245793.0,105957488.0,214000000.0
Orlando Magic,59.0,23.0,2008,69672979.0,94348506.0,108000000.0
Portland Trail Blazers,54.0,28.0,2008,80260059.0,108685129.0,127000000.0
Houston Rockets,53.0,29.0,2008,73302272.0,99263157.0,153000000.0
San Antonio Spurs,54.0,28.0,2008,68020487.0,92110764.0,135000000.0
Denver Nuggets,54.0,28.0,2008,70121003.0,94955202.0,113000000.0
Utah Jazz,48.0,34.0,2008,65841407.0,89159939.0,121000000.0
Dallas Mavericks,50.0,32.0,2008,95045559.0,128707094.0,146000000.0
Phoenix Suns,46.0,36.0,2008,76130408.0,103092915.0,147000000.0
Atlanta Hawks,47.0,35.0,2008,68168841.0,92311660.0,105000000.0
New Orleans Hornets,49.0,33.0,2008,,,
Miami Heat,43.0,39.0,2008,70297059.0,95193612.0,
Philadelphia 76ers,41.0,41.0,2008,68301007.0,92490635.0,110000000.0
Chicago Bulls,41.0,41.0,2008,68126774.0,92254694.0,169000000.0
Detroit Pistons,39.0,43.0,2008,71434174.0,96733451.0,147000000.0
Indiana Pacers,36.0,46.0,2008,69668818.0,94342872.0,
Milwaukee Bucks,34.0,48.0,2008,71360656.0,96633892.0,92000000.0
Charlotte Bobcats,35.0,47.0,2008,,,98000000.0
New York Knicks,32.0,50.0,2008,96643646.0,130871164.0,226000000.0
New Jersey Nets,34.0,48.0,2008,,,89000000.0
Toronto Raptors,33.0,49.0,2008,73446970.0,99459103.0,138000000.0
Golden State Warriors,29.0,53.0,2008,67416431.0,91292774.0,119000000.0
Minnesota Timberwolves,24.0,58.0,2008,66445144.0,89977494.0,95000000.0
Memphis Grizzlies,24.0,58.0,2008,55958148.0,75776400.0,92000000.0
Oklahoma City Thunder,23.0,59.0,2008,68341605.0,92545606.0,118000000.0
Washington Wizards,19.0,63.0,2008,70743317.0,95797917.0,107000000.0
Sacramento Kings,17.0,65.0,2008,69204512.0,93714124.0,103000000.0
Los Angeles Clippers,19.0,63.0,2008,62764206.0,84992906.0,102000000.0
League Average,,,2008,,,
Team,,,2009,,,
Orlando Magic,59.0,23.0,2009,82200916.0,112924547.0,108000000.0
Cleveland Cavaliers,61.0,21.0,2009,83398534.0,114569789.0,161000000.0
Utah Jazz,53.0,29.0,2009,71905244.0,98780738.0,121000000.0
San Antonio Spurs,50.0,32.0,2009,79338309.0,108992004.0,131000000.0
Atlanta Hawks,53.0,29.0,2009,65883642.0,90508483.0,105000000.0
Phoenix Suns,54.0,28.0,2009,65288544.0,89690960.0,147000000.0
Los Angeles Lakers,57.0,25.0,2009,91378064.0,125531770.0,214000000.0
Denver Nuggets,53.0,29.0,2009,74935538.0,102943641.0,113000000.0
Boston Celtics,50.0,32.0,2009,83552174.0,114780852.0,151000000.0
Portland Trail Blazers,50.0,32.0,2009,56946258.0,78230639.0,127000000.0
Oklahoma City Thunder,50.0,32.0,2009,58578614.0,80473103.0,118000000.0
Dallas Mavericks,55.0,27.0,2009,88916075.0,122149580.0,146000000.0
Miami Heat,47.0,35.0,2009,74208013.0,101944193.0,
Milwaukee Bucks,46.0,36.0,2009,66775602.0,91733823.0,92000000.0
Charlotte Bobcats,44.0,38.0,2009,,,98000000.0
Houston Rockets,42.0,40.0,2009,69095315.0,94920556.0,153000000.0
Memphis Grizzlies,40.0,42.0,2009,57287474.0,78699387.0,92000000.0
Chicago Bulls,41.0,41.0,2009,69700359.0,95751745.0,169000000.0
Toronto Raptors,40.0,42.0,2009,67822433.0,93171922.0,138000000.0
New Orleans Hornets,37.0,45.0,2009,,,
Indiana Pacers,32.0,50.0,2009,66733257.0,91675652.0,95000000.0
Golden State Warriors,26.0,56.0,2009,65352372.0,89778643.0,119000000.0
New York Knicks,29.0,53.0,2009,85710076.0,117745296.0,226000000.0
Philadelphia 76ers,27.0,55.0,2009,64883448.0,89134455.0,110000000.0
Sacramento Kings,25.0,57.0,2009,67515718.0,92750564.0,103000000.0
Washington Wizards,26.0,56.0,2009,73440274.0,100889502.0,107000000.0
Detroit Pistons,27.0,55.0,2009,60185833.0,82681047.0,147000000.0
Los Angeles Clippers,29.0,53.0,2009,61616409.0,84646315.0,102000000.0
Minnesota Timberwolves,15.0,67.0,2009,62253360.0,85521336.0,95000000.0
New Jersey Nets,12.0,70.0,2009,,,89000000.0
League Average,,,2009,,,
Team,,,2010,,,
Miami Heat,58.0,24.0,2010,66205855.0,90003080.0,
Chicago Bulls,62.0,20.0,2010,54538076.0,74141403.0,169000000.0
Los Angeles Lakers,57.0,25.0,2010,91428140.0,124291341.0,214000000.0
San Antonio Spurs,61.0,21.0,2010,69522311.0,94511612.0,
Boston Celtics,56.0,26.0,2010,82045867.0,111536674.0,151000000.0
Orlando Magic,52.0,30.0,2010,90770804.0,123397731.0,108000000.0
Denver Nuggets,50.0,32.0,2010,68019290.0,92468344.0,113000000.0
Dallas Mavericks,57.0,25.0,2010,85409890.0,116109872.0,146000000.0
Oklahoma City Thunder,55.0,27.0,2010,55922488.0,76023428.0,118000000.0
Memphis Grizzlies,46.0,36.0,2010,70241344.0,95489097.0,92000000.0
Houston Rockets,43.0,39.0,2010,72315654.0,98309005.0,153000000.0
Portland Trail Blazers,48.0,34.0,2010,74584058.0,101392771.0,127000000.0
Philadelphia 76ers,41.0,41.0,2010,68915246.0,93686344.0,110000000.0
New Orleans Hornets,46.0,36.0,2010,,,100000000.0
New York Knicks,42.0,40.0,2010,67016562.0,91105191.0,226000000.0
Milwaukee Bucks,35.0,47.0,2010,69076690.0,93905818.0,92000000.0
Phoenix Suns,40.0,42.0,2010,65979054.0,89694755.0,147000000.0
Atlanta Hawks,44.0,38.0,2010,71469843.0,97159173.0,105000000.0
Indiana Pacers,37.0,45.0,2010,65088630.0,88484276.0,95000000.0
Utah Jazz,39.0,43.0,2010,75855296.0,103120947.0,121000000.0
Golden State Warriors,36.0,46.0,2010,68415336.0,93006743.0,119000000.0
Los Angeles Clippers,32.0,50.0,2010,53225329.0,72356793.0,102000000.0
Detroit Pistons,30.0,52.0,2010,65517821.0,89067738.0,147000000.0
Charlotte Bobcats,34.0,48.0,2010,,,98000000.0
Sacramento Kings,24.0,58.0,2010,45268465.0,61539890.0,103000000.0
New Jersey Nets,24.0,58.0,2010,,,89000000.0
Toronto Raptors,22.0,60.0,2010,69992648.0,95151009.0,138000000.0
Minnesota Timberwolves,17.0,65.0,2010,53461123.0,72677345.0,95000000.0
Washington Wizards,23.0,59.0,2010,58324988.0,79289488.0,107000000.0
Cleveland Cavaliers,19.0,63.0,2010,53990021.0,73396348.0,161000000.0
League Average,,,2010,,,
Team,,,2011,,,
Charlotte Bobcats,7.0,59.0,2011,,,
Cleveland Cavaliers,21.0,45.0,2011,64875599.0,85163836.0,149000000.0
New Jersey Nets,22.0,44.0,2011,,,
Sacramento Kings,22.0,44.0,2011,48950236.0,64258210.0,104000000.0
Washington Wizards,20.0,46.0,2011,55386345.0,72707054.0,109000000.0
Detroit Pistons,25.0,41.0,2011,70923605.0,93103208.0,141000000.0
New Orleans Hornets,21.0,45.0,2011,,,
Golden State Warriors,23.0,43.0,2011,61576901.0,80833554.0,139000000.0
Toronto Raptors,23.0,43.0,2011,55063049.0,72282656.0,134000000.0
Minnesota Timberwolves,26.0,40.0,2011,56844339.0,74620999.0,97000000.0
Phoenix Suns,33.0,33.0,2011,80640576.0,105858925.0,136000000.0
Portland Trail Blazers,28.0,38.0,2011,80920717.0,106226673.0,132000000.0
Utah Jazz,36.0,30.0,2011,58178016.0,76371750.0,120000000.0
Milwaukee Bucks,31.0,35.0,2011,60192388.0,79016067.0,92000000.0
Houston Rockets,34.0,32.0,2011,57021755.0,74853897.0,150000000.0
Dallas Mavericks,36.0,30.0,2011,77180233.0,101316443.0,166000000.0
Orlando Magic,37.0,29.0,2011,87955505.0,115461413.0,140000000.0
Los Angeles Lakers,41.0,25.0,2011,88264478.0,115867013.0,208000000.0
Memphis Grizzlies,41.0,25.0,2011,70628007.0,92715170.0,99000000.0
Denver Nuggets,38.0,28.0,2011,58553173.0,76864228.0,113000000.0
Boston Celtics,39.0,27.0,2011,79820530.0,104782428.0,146000000.0
Los Angeles Clippers,40.0,26.0,2011,67333389.0,88390241.0,108000000.0
Atlanta Hawks,40.0,26.0,2011,73669912.0,96708356.0,109000000.0
Indiana Pacers,42.0,24.0,2011,51554083.0,67676347.0,101000000.0
New York Knicks,36.0,30.0,2011,77093212.0,101202208.0,244000000.0
Philadelphia 76ers,35.0,31.0,2011,66672368.0,87522503.0,116000000.0
Oklahoma City Thunder,47.0,19.0,2011,59501709.0,78109397.0,126000000.0
Miami Heat,46.0,20.0,2011,75469639.0,99070904.0,158000000.0
San Antonio Spurs,50.0,16.0,2011,73732762.0,96790861.0,139000000.0
Chicago Bulls,50.0,16.0,2011,69548447.0,91298005.0,185000000.0
League Average,,,2011,,,
Team,,,2012,,,
Oklahoma City Thunder,60.0,22.0,2012,68924100.0,88997496.0,127000000.0
Miami Heat,66.0,16.0,2012,80427933.0,103851696.0,150000000.0
Los Angeles Clippers,56.0,26.0,2012,69152721.0,89292698.0,108000000.0
San Antonio Spurs,58.0,24.0,2012,69838600.0,90178333.0,135000000.0
Denver Nuggets,57.0,25.0,2012,63444254.0,81921705.0,110000000.0
New York Knicks,54.0,28.0,2012,79977119.0,103269586.0,243000000.0
Memphis Grizzlies,56.0,26.0,2012,63054115.0,81417939.0,96000000.0
Indiana Pacers,49.0,32.0,2012,66107195.0,85360196.0,98000000.0
Houston Rockets,45.0,37.0,2012,48048265.0,62041797.0,135000000.0
Brooklyn Nets,49.0,33.0,2012,87644649.0,113170204.0,84000000.0
Los Angeles Lakers,45.0,37.0,2012,100131988.0,129294344.0,197000000.0
Golden State Warriors,47.0,35.0,2012,70036985.0,90434497.0,127000000.0
Atlanta Hawks,44.0,38.0,2012,66710178.0,86138791.0,99000000.0
Chicago Bulls,45.0,37.0,2012,74491280.0,96186057.0,162000000.0
Utah Jazz,43.0,39.0,2012,65657569.0,84779621.0,111000000.0
Boston Celtics,41.0,40.0,2012,75508399.0,97499399.0,143000000.0
Dallas Mavericks,41.0,41.0,2012,69766571.0,90085322.0,137000000.0
Milwaukee Bucks,38.0,44.0,2012,62410041.0,80586287.0,78000000.0
Toronto Raptors,34.0,48.0,2012,63708138.0,82262440.0,121000000.0
Minnesota Timberwolves,31.0,51.0,2012,64329748.0,83065086.0,96000000.0
Washington Wizards,29.0,53.0,2012,59715539.0,77107038.0,102000000.0
Portland Trail Blazers,33.0,49.0,2012,59442596.0,76754605.0,117000000.0
Philadelphia 76ers,34.0,48.0,2012,66697839.0,86122858.0,107000000.0
Detroit Pistons,29.0,53.0,2012,68807497.0,88846933.0,125000000.0
New Orleans Hornets,27.0,55.0,2012,,,
Cleveland Cavaliers,24.0,58.0,2012,54472190.0,70336619.0,128000000.0
Sacramento Kings,28.0,54.0,2012,54421935.0,70271732.0,96000000.0
Phoenix Suns,25.0,57.0,2012,54196264.0,69980337.0,121000000.0
Orlando Magic,20.0,62.0,2012,66557496.0,85941642.0,126000000.0
Charlotte Bobcats,21.0,61.0,2012,,,
League Average,,,2012,,,
Team,,,2013,,,
San Antonio Spurs,62.0,20.0,2013,63115911.0,80092576.0,167000000.0
Los Angeles Clippers,57.0,25.0,2013,73049774.0,92698411.0,128000000.0
Oklahoma City Thunder,59.0,23.0,2013,71653401.0,90926444.0,144000000.0
Miami Heat,54.0,28.0,2013,80841617.0,102586074.0,188000000.0
Golden State Warriors,51.0,31.0,2013,72503122.0,92004723.0,160000000.0
Indiana Pacers,56.0,26.0,2013,67182414.0,85252870.0,121000000.0
Houston Rockets,54.0,28.0,2013,57823063.0,73376078.0,191000000.0
Portland Trail Blazers,54.0,28.0,2013,61260350.0,77737913.0,140000000.0
Toronto Raptors,48.0,34.0,2013,71561643.0,90810007.0,149000000.0
Phoenix Suns,48.0,34.0,2013,55569468.0,70516321.0,137000000.0
Minnesota Timberwolves,40.0,42.0,2013,68564040.0,87006120.0,116000000.0
Dallas Mavericks,49.0,33.0,2013,75012158.0,95188628.0,162000000.0
Chicago Bulls,48.0,34.0,2013,73336893.0,93062756.0,195000000.0
Memphis Grizzlies,50.0,32.0,2013,71992885.0,91357243.0,126000000.0
Washington Wizards,44.0,38.0,2013,64698822.0,82101251.0,122000000.0
Charlotte Bobcats,43.0,39.0,2013,,,
Atlanta Hawks,38.0,44.0,2013,58998677.0,74867903.0,119000000.0
New York Knicks,37.0,45.0,2013,89072787.0,113031231.0,287000000.0
Brooklyn Nets,44.0,38.0,2013,102589967.0,130184212.0,190000000.0
Denver Nuggets,36.0,46.0,2013,65782065.0,83475862.0,124000000.0
New Orleans Pelicans,34.0,48.0,2013,67358651.0,85476509.0,116000000.0
Sacramento Kings,28.0,54.0,2013,59174155.0,75090582.0,115000000.0
Cleveland Cavaliers,33.0,49.0,2013,66654061.0,84582401.0,145000000.0
Detroit Pistons,29.0,53.0,2013,62387432.0,79168155.0,139000000.0
Boston Celtics,25.0,57.0,2013,70885503.0,89952004.0,169000000.0
Orlando Magic,23.0,59.0,2013,56948031.0,72265682.0,139000000.0
Los Angeles Lakers,27.0,55.0,2013,77423614.0,98248706.0,295000000.0
Utah Jazz,25.0,57.0,2013,56911999.0,72219960.0,131000000.0
Milwaukee Bucks,15.0,67.0,2013,54400846.0,69033363.0,109000000.0
Philadelphia 76ers,19.0,63.0,2013,51741312.0,65658478.0,117000000.0
League Average,,,2013,,,
Team,,,2014,,,
Golden State Warriors,67.0,15.0,2014,73611166.0,91514313.0,168000000.0
Los Angeles Clippers,56.0,26.0,2014,85259447.0,105995602.0,146000000.0
San Antonio Spurs,55.0,27.0,2014,70770209.0,87982400.0,172000000.0
Atlanta Hawks,60.0,22.0,2014,58320278.0,72504493.0,133000000.0
Cleveland Cavaliers,53.0,29.0,2014,82592827.0,102680427.0,149000000.0
Portland Trail Blazers,51.0,31.0,2014,69936842.0,86946352.0,153000000.0
Houston Rockets,56.0,26.0,2014,76849302.0,95540004.0,175000000.0
Memphis Grizzlies,55.0,27.0,2014,75158730.0,93438263.0,135000000.0
Toronto Raptors,49.0,33.0,2014,81317963.0,101095502.0,151000000.0
Chicago Bulls,50.0,32.0,2014,67414682.0,83810770.0,201000000.0
Dallas Mavericks,50.0,32.0,2014,84820225.0,105449557.0,168000000.0
Oklahoma City Thunder,45.0,37.0,2014,80408520.0,99964871.0,152000000.0
New Orleans Pelicans,45.0,37.0,2014,80012866.0,99472985.0,131000000.0
Washington Wizards,46.0,36.0,2014,73372974.0,91218191.0,143000000.0
Milwaukee Bucks,41.0,41.0,2014,54473275.0,67721849.0,110000000.0
Indiana Pacers,38.0,44.0,2014,74793526.0,92984242.0,139000000.0
Utah Jazz,38.0,44.0,2014,60847538.0,75646410.0,142000000.0
Boston Celtics,40.0,42.0,2014,62218516.0,77350827.0,173000000.0
Phoenix Suns,39.0,43.0,2014,58018672.0,72129532.0,145000000.0
Detroit Pistons,32.0,50.0,2014,67410675.0,83805787.0,144000000.0
Miami Heat,37.0,45.0,2014,75813041.0,94251712.0,188000000.0
Brooklyn Nets,38.0,44.0,2014,87817289.0,109175545.0,212000000.0
Charlotte Hornets,33.0,49.0,2014,66792937.0,83037806.0,130000000.0
Denver Nuggets,30.0,52.0,2014,56820307.0,70639707.0,136000000.0
Sacramento Kings,29.0,53.0,2014,73379071.0,91225769.0,125000000.0
Orlando Magic,25.0,57.0,2014,59629210.0,74131770.0,143000000.0
Los Angeles Lakers,21.0,61.0,2014,77546500.0,96406770.0,293000000.0
Minnesota Timberwolves,16.0,66.0,2014,69378954.0,86252775.0,128000000.0
Philadelphia 76ers,18.0,64.0,2014,54355571.0,67575510.0,125000000.0
New York Knicks,17.0,65.0,2014,81369219.0,101159224.0,278000000.0
League Average,,,2014,,,
Team,,,2015,,,
San Antonio Spurs,67.0,15.0,2015,87832839.0,109059892.0,170000000.0
Golden State Warriors,73.0,9.0,2015,93669566.0,116307216.0,201000000.0
Oklahoma City Thunder,55.0,27.0,2015,95708387.0,118838769.0,157000000.0
Cleveland Cavaliers,57.0,25.0,2015,108300458.0,134474038.0,191000000.0
Toronto Raptors,56.0,26.0,2015,71591189.0,88893031.0,163000000.0
Los Angeles Clippers,53.0,29.0,2015,97019321.0,120466523.0,176000000.0
Atlanta Hawks,48.0,34.0,2015,71661760.0,88980657.0,142000000.0
Boston Celtics,48.0,34.0,2015,77141919.0,95785236.0,181000000.0
Charlotte Hornets,48.0,34.0,2015,76860006.0,95435193.0,142000000.0
Utah Jazz,40.0,42.0,2015,63608425.0,78981025.0,146000000.0
Miami Heat,48.0,34.0,2015,85764781.0,106492035.0,180000000.0
Indiana Pacers,45.0,37.0,2015,71605233.0,88910467.0,138000000.0
Portland Trail Blazers,44.0,38.0,2015,61685814.0,76593768.0,157000000.0
Detroit Pistons,44.0,38.0,2015,77256014.0,95926904.0,154000000.0
Houston Rockets,41.0,41.0,2015,87504058.0,108651651.0,237000000.0
Dallas Mavericks,42.0,40.0,2015,75397067.0,93618697.0,177000000.0
Washington Wizards,41.0,41.0,2015,85055155.0,105610907.0,146000000.0
Chicago Bulls,42.0,40.0,2015,87073838.0,108117461.0,228000000.0
Orlando Magic,35.0,47.0,2015,63199651.0,78473460.0,143000000.0
Sacramento Kings,33.0,49.0,2015,70610560.0,87675408.0,141000000.0
Memphis Grizzlies,42.0,40.0,2015,83223881.0,103337057.0,147000000.0
New York Knicks,32.0,50.0,2015,74237021.0,92178295.0,307000000.0
Denver Nuggets,33.0,49.0,2015,72589023.0,90132013.0,140000000.0
Minnesota Timberwolves,29.0,53.0,2015,72287243.0,89757304.0,146000000.0
New Orleans Pelicans,30.0,52.0,2015,83709371.0,103939877.0,142000000.0
Milwaukee Bucks,33.0,49.0,2015,73843541.0,91689719.0,126000000.0
Phoenix Suns,23.0,59.0,2015,68095365.0,84552350.0,154000000.0
Brooklyn Nets,21.0,61.0,2015,80258302.0,99654772.0,220000000.0
Los Angeles Lakers,17.0,65.0,2015,72694352.0,90262802.0,304000000.0
Philadelphia 76ers,10.0,72.0,2015,64583220.0,80191403.0,124000000.0
League Average,,,2015,,,
Team,,,2016,,,
Golden State Warriors,67.0,15.0,2016,101584835.0,124889848.0,305000000.0
San Antonio Spurs,61.0,21.0,2016,112017779.0,137716263.0,187000000.0
Houston Rockets,55.0,27.0,2016,90956067.0,111822691.0,244000000.0
Toronto Raptors,51.0,31.0,2016,108599970.0,133514359.0,193000000.0
Los Angeles Clippers,51.0,31.0,2016,114756766.0,141083612.0,185000000.0
Utah Jazz,51.0,31.0,2016,80138192.0,98523038.0,164000000.0
Cleveland Cavaliers,51.0,31.0,2016,128522489.0,158007391.0,233000000.0
Boston Celtics,53.0,29.0,2016,93465326.0,114907608.0,200000000.0
Washington Wizards,49.0,33.0,2016,104016580.0,127879474.0,155000000.0
Miami Heat,41.0,41.0,2016,100740770.0,123852145.0,210000000.0
Oklahoma City Thunder,47.0,35.0,2016,91230089.0,112159578.0,187000000.0
Memphis Grizzlies,43.0,39.0,2016,110083520.0,135338255.0,155000000.0
Denver Nuggets,40.0,42.0,2016,83836460.0,103069738.0,157000000.0
Chicago Bulls,41.0,41.0,2016,92522306.0,113748249.0,232000000.0
Charlotte Hornets,36.0,46.0,2016,103054004.0,126696067.0,158000000.0
Indiana Pacers,42.0,40.0,2016,90279072.0,110990380.0,157000000.0
Milwaukee Bucks,42.0,40.0,2016,96245877.0,118326058.0,146000000.0
Portland Trail Blazers,41.0,41.0,2016,119732234.0,147200523.0,178000000.0
Atlanta Hawks,43.0,39.0,2016,96315163.0,118411239.0,169000000.0
Detroit Pistons,37.0,45.0,2016,106492988.0,130924005.0,172000000.0
Minnesota Timberwolves,31.0,51.0,2016,83527580.0,102689999.0,154000000.0
New Orleans Pelicans,34.0,48.0,2016,101616451.0,124928717.0,156000000.0
Dallas Mavericks,33.0,49.0,2016,102354966.0,125836657.0,194000000.0
New York Knicks,31.0,51.0,2016,102593418.0,126129816.0,376000000.0
Sacramento Kings,32.0,50.0,2016,95596327.0,117527493.0,164000000.0
Phoenix Suns,24.0,58.0,2016,89754590.0,110345576.0,173000000.0
Philadelphia 76ers,28.0,54.0,2016,84775343.0,104224013.0,140000000.0
Brooklyn Nets,20.0,62.0,2016,82391482.0,101293262.0,223000000.0
Orlando Magic,29.0,53.0,2016,104096951.0,127978282.0,166000000.0
Los Angeles Lakers,26.0,56.0,2016,94781848.0,116526161.0,333000000.0
League Average,,,2016,,,
Team,,,2017,,,
Houston Rockets,65.0,17.0,2017,119905532.0,145044290.0,296000000.0
Toronto Raptors,59.0,23.0,2017,116929373.0,141444173.0,250000000.0
Golden State Warriors,58.0,24.0,2017,137610134.0,166460754.0,359000000.0
Utah Jazz,48.0,34.0,2017,105606838.0,127747809.0,221000000.0
Philadelphia 76ers,52.0,30.0,2017,100797386.0,121930035.0,184000000.0
Boston Celtics,55.0,27.0,2017,115284776.0,139454775.0,257000000.0
Oklahoma City Thunder,48.0,34.0,2017,134534640.0,162740467.0,222000000.0
San Antonio Spurs,47.0,35.0,2017,114633844.0,138667375.0,259000000.0
Portland Trail Blazers,49.0,33.0,2017,118708146.0,143595874.0,223000000.0
Minnesota Timberwolves,47.0,35.0,2017,116075131.0,140410835.0,204000000.0
Denver Nuggets,46.0,36.0,2017,107543599.0,130090627.0,202000000.0
Indiana Pacers,48.0,34.0,2017,95271736.0,115245904.0,205000000.0
New Orleans Pelicans,48.0,34.0,2017,120814452.0,146143773.0,204000000.0
Cleveland Cavaliers,50.0,32.0,2017,137722926.0,166597194.0,280000000.0
Washington Wizards,43.0,39.0,2017,123306396.0,149158166.0,222000000.0
Miami Heat,44.0,38.0,2017,133624374.0,161639360.0,253000000.0
Charlotte Hornets,36.0,46.0,2017,117382664.0,141992499.0,202000000.0
Los Angeles Clippers,42.0,40.0,2017,119093010.0,144061426.0,257000000.0
Detroit Pistons,39.0,43.0,2017,119773191.0,144884208.0,221000000.0
Milwaukee Bucks,44.0,38.0,2017,120521249.0,145789098.0,179000000.0
Los Angeles Lakers,35.0,47.0,2017,103126557.0,124747524.0,371000000.0
Dallas Mavericks,24.0,58.0,2017,85440245.0,103353192.0,233000000.0
New York Knicks,29.0,53.0,2017,105403130.0,127501394.0,426000000.0
Brooklyn Nets,28.0,54.0,2017,95475397.0,115492262.0,273000000.0
Orlando Magic,25.0,57.0,2017,98700258.0,119393235.0,211000000.0
Atlanta Hawks,24.0,58.0,2017,99992696.0,120956634.0,209000000.0
Memphis Grizzlies,22.0,60.0,2017,110700149.0,133908961.0,206000000.0
Chicago Bulls,27.0,55.0,2017,90466801.0,109433589.0,281000000.0
Sacramento Kings,27.0,55.0,2017,99587185.0,120466111.0,240000000.0
Phoenix Suns,21.0,61.0,2017,92684083.0,112115739.0,218000000.0
League Average,,,2017,,,
Team,,,2018,,,
Milwaukee Bucks,60.0,22.0,2018,130988604.0,154028001.0,204000000.0
Golden State Warriors,57.0,25.0,2018,146291276.0,172022240.0,401000000.0
Toronto Raptors,58.0,24.0,2018,137793831.0,162030191.0,275000000.0
Utah Jazz,50.0,32.0,2018,113826156.0,133846874.0,243000000.0
Houston Rockets,53.0,29.0,2018,126474100.0,148719446.0,326000000.0
Boston Celtics,49.0,33.0,2018,125334993.0,147379986.0,287000000.0
Portland Trail Blazers,53.0,29.0,2018,130256600.0,153167248.0,246000000.0
Denver Nuggets,54.0,28.0,2018,118327016.0,139139384.0,222000000.0
Indiana Pacers,48.0,34.0,2018,110724804.0,130200029.0,222000000.0
Oklahoma City Thunder,49.0,33.0,2018,144916427.0,170405569.0,241000000.0
Philadelphia 76ers,51.0,31.0,2018,115127167.0,135376714.0,268000000.0
San Antonio Spurs,48.0,34.0,2018,121588790.0,142974866.0,262000000.0
Los Angeles Clippers,48.0,34.0,2018,118026816.0,138786382.0,258000000.0
Orlando Magic,42.0,40.0,2018,114394213.0,134514847.0,223000000.0
Brooklyn Nets,42.0,40.0,2018,118850600.0,139755056.0,290000000.0
Detroit Pistons,41.0,41.0,2018,126557932.0,148818022.0,235000000.0
Miami Heat,39.0,43.0,2018,153171497.0,180112612.0,259000000.0
Sacramento Kings,39.0,43.0,2018,101466920.0,119313786.0,263000000.0
Charlotte Hornets,39.0,43.0,2018,121427859.0,142785633.0,213000000.0
New Orleans Pelicans,33.0,49.0,2018,116052756.0,136465107.0,214000000.0
Dallas Mavericks,33.0,49.0,2018,86958881.0,102253953.0,287000000.0
Minnesota Timberwolves,36.0,46.0,2018,121962221.0,143413977.0,223000000.0
Los Angeles Lakers,37.0,45.0,2018,107225482.0,126085215.0,395000000.0
Memphis Grizzlies,33.0,49.0,2018,125188633.0,147207879.0,213000000.0
Washington Wizards,32.0,50.0,2018,123747588.0,145513371.0,255000000.0
Atlanta Hawks,29.0,53.0,2018,79180081.0,93106946.0,215000000.0
Chicago Bulls,22.0,60.0,2018,112598201.0,132402931.0,287000000.0
New York Knicks,17.0,65.0,2018,123387454.0,145089896.0,443000000.0
Phoenix Suns,19.0,63.0,2018,108692835.0,127810656.0,235000000.0
Cleveland Cavaliers,19.0,63.0,2018,123255073.0,144934229.0,302000000.0
League Average,,,2018,,,
Team,,,2019,,,
Milwaukee Bucks,56.0,17.0,2019,122612183.0,141840052.0,283000000.0
Boston Celtics,48.0,24.0,2019,117759332.0,136226186.0,304000000.0
Los Angeles Clippers,49.0,23.0,2019,131506341.0,152128979.0,282000000.0
Toronto Raptors,53.0,19.0,2019,122463495.0,141668046.0,334000000.0
Los Angeles Lakers,52.0,19.0,2019,123971686.0,143412750.0,434000000.0
Dallas Mavericks,43.0,32.0,2019,120871082.0,139825913.0,307000000.0
Miami Heat,44.0,29.0,2019,129867871.0,150233567.0,294000000.0
Houston Rockets,44.0,28.0,2019,128109922.0,148199940.0,348000000.0
Utah Jazz,44.0,28.0,2019,118910311.0,137557656.0,258000000.0
Philadelphia 76ers,43.0,30.0,2019,129912339.0,150285008.0,300000000.0
Denver Nuggets,46.0,27.0,2019,128746180.0,148935975.0,252000000.0
Indiana Pacers,45.0,28.0,2019,112872260.0,130572726.0,243000000.0
Oklahoma City Thunder,44.0,28.0,2019,132017938.0,152720804.0,258000000.0
Phoenix Suns,34.0,39.0,2019,98539675.0,113992525.0,246000000.0
Brooklyn Nets,35.0,37.0,2019,118889943.0,137534093.0,304000000.0
Orlando Magic,33.0,40.0,2019,126095610.0,145869745.0,244000000.0
San Antonio Spurs,32.0,39.0,2019,119217331.0,137912823.0,285000000.0
Memphis Grizzlies,34.0,39.0,2019,98495848.0,113941826.0,224000000.0
Portland Trail Blazers,35.0,39.0,2019,131979953.0,152676863.0,287000000.0
New Orleans Pelicans,30.0,42.0,2019,117868297.0,136352236.0,224000000.0
Sacramento Kings,31.0,41.0,2019,113796966.0,131642442.0,286000000.0
Chicago Bulls,22.0,43.0,2019,112601901.0,130259969.0,301000000.0
Detroit Pistons,20.0,46.0,2019,104527576.0,120919438.0,255000000.0
Minnesota Timberwolves,19.0,45.0,2019,114202982.0,132112131.0,234000000.0
Washington Wizards,25.0,47.0,2019,121296256.0,140317762.0,269000000.0
New York Knicks,21.0,45.0,2019,100232129.0,115950387.0,472000000.0
Charlotte Hornets,23.0,42.0,2019,96552033.0,111693183.0,240000000.0
Atlanta Hawks,20.0,47.0,2019,110702618.0,128062845.0,251000000.0
Cleveland Cavaliers,19.0,46.0,2019,131059022.0,151611509.0,300000000.0
Golden State Warriors,15.0,50.0,2019,129254928.0,149524506.0,440000000.0
League Average,,,2019,,,
Team,,,2020,,,
Utah Jazz,52.0,20.0,2020,136881324.0,157330923.0,226000000.0
Los Angeles Clippers,47.0,25.0,2020,139722606.0,160596683.0,262000000.0
Phoenix Suns,51.0,21.0,2020,128858241.0,148109217.0,222000000.0
Milwaukee Bucks,46.0,26.0,2020,136623929.0,157035070.0,239000000.0
Philadelphia 76ers,49.0,23.0,2020,147825311.0,169909902.0,259000000.0
Denver Nuggets,47.0,25.0,2020,129793210.0,149183867.0,218000000.0
Brooklyn Nets,48.0,24.0,2020,170444633.0,195908476.0,280000000.0
Los Angeles Lakers,42.0,30.0,2020,139334713.0,160150838.0,400000000.0
Dallas Mavericks,42.0,30.0,2020,127657823.0,146729462.0,295000000.0
New York Knicks,41.0,31.0,2020,102137151.0,117396083.0,421000000.0
Atlanta Hawks,41.0,31.0,2020,118804016.0,136552926.0,222000000.0
Portland Trail Blazers,42.0,30.0,2020,131904647.0,151610748.0,240000000.0
Boston Celtics,36.0,36.0,2020,132931565.0,152791083.0,274000000.0
Golden State Warriors,39.0,33.0,2020,171105334.0,196667884.0,474000000.0
Memphis Grizzlies,38.0,34.0,2020,132022601.0,151746320.0,210000000.0
Miami Heat,40.0,32.0,2020,134731235.0,154859617.0,266000000.0
Indiana Pacers,34.0,38.0,2020,130237102.0,149694076.0,217000000.0
New Orleans Pelicans,31.0,41.0,2020,133901495.0,153905916.0,209000000.0
Toronto Raptors,27.0,45.0,2020,129131910.0,148423773.0,264000000.0
Chicago Bulls,31.0,41.0,2020,128963580.0,148230296.0,300000000.0
San Antonio Spurs,33.0,39.0,2020,129537825.0,148890327.0,255000000.0
Washington Wizards,34.0,38.0,2020,131294012.0,150908882.0,231000000.0
Charlotte Hornets,33.0,39.0,2020,108218809.0,124386327.0,215000000.0
Sacramento Kings,31.0,41.0,2020,106847430.0,122810063.0,245000000.0
Detroit Pistons,20.0,52.0,2020,117041599.0,134527206.0,227000000.0
Minnesota Timberwolves,23.0,49.0,2020,130334934.0,149806526.0,214000000.0
Houston Rockets,17.0,55.0,2020,131784255.0,151472362.0,308000000.0
Cleveland Cavaliers,22.0,50.0,2020,129605319.0,148967902.0,269000000.0
Orlando Magic,21.0,51.0,2020,121739163.0,139926571.0,218000000.0
Oklahoma City Thunder,22.0,50.0,2020,95774839.0,110083267.0,236000000.0
League Average,,,2020,,,
Team,,,2021,,,
Boston Celtics,51.0,31.0,2021,136557646.0,148929426.0,211000000.0
Phoenix Suns,64.0,18.0,2021,136476474.0,148840901.0,206000000.0
Utah Jazz,49.0,33.0,2021,149760719.0,163328668.0,262000000.0
Memphis Grizzlies,56.0,26.0,2021,117284457.0,127910133.0,186000000.0
Golden State Warriors,53.0,29.0,2021,178980766.0,195195980.0,258000000.0
Miami Heat,53.0,29.0,2021,140840240.0,153600014.0,218000000.0
Dallas Mavericks,52.0,30.0,2021,126696965.0,138175392.0,231000000.0
Milwaukee Bucks,51.0,31.0,2021,160875421.0,175450332.0,212000000.0
Philadelphia 76ers,51.0,31.0,2021,148922969.0,162415018.0,236000000.0
Minnesota Timberwolves,46.0,36.0,2021,137432702.0,149883767.0,199000000.0
Denver Nuggets,48.0,34.0,2021,137963926.0,150463115.0,185000000.0
Toronto Raptors,48.0,34.0,2021,134896484.0,147117769.0,194000000.0
Cleveland Cavaliers,44.0,38.0,2021,136385911.0,148742131.0,211000000.0
Atlanta Hawks,43.0,39.0,2021,135166020.0,147411722.0,199000000.0
Brooklyn Nets,44.0,38.0,2021,174811922.0,190649447.0,212000000.0
Charlotte Hornets,43.0,39.0,2021,122139566.0,133205107.0,183000000.0
San Antonio Spurs,34.0,48.0,2021,127655401.0,139220659.0,205000000.0
Los Angeles Clippers,42.0,40.0,2021,168378382.0,183633046.0,219000000.0
New York Knicks,37.0,45.0,2021,120644081.0,131574134.0,298000000.0
Chicago Bulls,46.0,36.0,2021,136083814.0,148412668.0,213000000.0
New Orleans Pelicans,36.0,46.0,2021,135793968.0,148096563.0,181000000.0
Los Angeles Lakers,33.0,49.0,2021,164409293.0,179304361.0,316000000.0
Washington Wizards,35.0,47.0,2021,128019790.0,139618062.0,213000000.0
Indiana Pacers,25.0,57.0,2021,138181486.0,150700383.0,179000000.0
Sacramento Kings,30.0,52.0,2021,130457848.0,142277004.0,192000000.0
Detroit Pistons,23.0,59.0,2021,131120355.0,142999530.0,192000000.0
Orlando Magic,22.0,60.0,2021,126786646.0,138273195.0,188000000.0
Oklahoma City Thunder,24.0,58.0,2021,82022873.0,89453934.0,183000000.0
Houston Rockets,20.0,62.0,2021,132267085.0,144250150.0,223000000.0
Portland Trail Blazers,27.0,55.0,2021,124788473.0,136093994.0,201000000.0
League Average,,,2021,,,
Team,,,2022,,,
Boston Celtics,57.0,25.0,2022,178633307.0,189402747.0,443000000.0
Cleveland Cavaliers,51.0,31.0,2022,151966241.0,161127975.0,348000000.0
Philadelphia 76ers,54.0,28.0,2022,150496913.0,159570063.0,371000000.0
Memphis Grizzlies,51.0,31.0,2022,127139520.0,134804500.0,258000000.0
Milwaukee Bucks,58.0,24.0,2022,182930771.0,193959293.0,329000000.0
Denver Nuggets,53.0,29.0,2022,162338665.0,172125732.0,348000000.0
New York Knicks,47.0,35.0,2022,148987936.0,157970114.0,504000000.0
Sacramento Kings,48.0,34.0,2022,139423615.0,147829176.0,289000000.0
Phoenix Suns,45.0,37.0,2022,176042453.0,186655694.0,366000000.0
New Orleans Pelicans,42.0,40.0,2022,148360910.0,157305287.0,262000000.0
Golden State Warriors,44.0,38.0,2022,192386134.0,203984702.0,765000000.0
Toronto Raptors,41.0,41.0,2022,150992313.0,160095330.0,305000000.0
Chicago Bulls,40.0,42.0,2022,151964990.0,161126647.0,372000000.0
Oklahoma City Thunder,40.0,42.0,2022,148856338.0,157830582.0,267000000.0
Brooklyn Nets,45.0,37.0,2022,159566723.0,169186672.0,367000000.0
Los Angeles Lakers,43.0,39.0,2022,169391473.0,179603738.0,516000000.0
Los Angeles Clippers,44.0,38.0,2022,192905421.0,204535294.0,425000000.0
Atlanta Hawks,41.0,41.0,2022,149836313.0,158869639.0,326000000.0
Dallas Mavericks,38.0,44.0,2022,177244238.0,187929929.0,429000000.0
Minnesota Timberwolves,42.0,40.0,2022,145793656.0,154583256.0,259000000.0
Miami Heat,44.0,38.0,2022,151408266.0,160536360.0,371000000.0
Utah Jazz,37.0,45.0,2022,148738241.0,157705365.0,274000000.0
Washington Wizards,35.0,47.0,2022,152008934.0,161173239.0,323000000.0
Orlando Magic,34.0,48.0,2022,126107324.0,133710077.0,261000000.0
Indiana Pacers,35.0,47.0,2022,125706114.0,133284674.0,263000000.0
Portland Trail Blazers,33.0,49.0,2022,144997250.0,153738833.0,300000000.0
Charlotte Hornets,27.0,55.0,2022,125874047.0,133462735.0,269000000.0
Houston Rockets,22.0,60.0,2022,137579793.0,145874191.0,381000000.0
Detroit Pistons,17.0,65.0,2022,129153570.0,136939969.0,274000000.0
San Antonio Spurs,22.0,60.0,2022,104545376.0,110848194.0,319000000.0
League Average,,,2022,,,
Team,,,2023,,,
Boston Celtics,64.0,18.0,2023,186940921.0,192495669.0,457000000.0
Oklahoma City Thunder,57.0,25.0,2023,162515272.0,167344233.0,320000000.0
Minnesota Timberwolves,56.0,26.0,2023,166434327.0,171379743.0,305000000.0
Denver Nuggets,57.0,25.0,2023,180922992.0,186298923.0,356000000.0
New York Knicks,50.0,32.0,2023,164990518.0,169893032.0,543000000.0
New Orleans Pelicans,49.0,33.0,2023,167403924.0,172378150.0,272000000.0
Los Angeles Clippers,51.0,31.0,2023,201366679.0,207350074.0,353000000.0
Philadelphia 76ers,47.0,35.0,2023,166271894.0,171212482.0,396000000.0
Phoenix Suns,49.0,33.0,2023,193838882.0,199598596.0,369000000.0
Indiana Pacers,47.0,35.0,2023,148722330.0,153141451.0,320000000.0
Golden State Warriors,46.0,36.0,2023,209354737.0,215575491.0,800000000.0
Milwaukee Bucks,49.0,33.0,2023,187346674.0,192913480.0,333000000.0
Cleveland Cavaliers,48.0,34.0,2023,166874287.0,171832777.0,391000000.0
Dallas Mavericks,50.0,32.0,2023,167755884.0,172740566.0,437000000.0
Orlando Magic,47.0,35.0,2023,132643598.0,136584956.0,285000000.0
Miami Heat,46.0,36.0,2023,177143542.0,182407172.0,371000000.0
Sacramento Kings,46.0,36.0,2023,153564021.0,158127009.0,320000000.0
Houston Rockets,41.0,41.0,2023,149356730.0,153794701.0,416000000.0
Los Angeles Lakers,47.0,35.0,2023,169876920.0,174924626.0,522000000.0
Chicago Bulls,39.0,43.0,2023,165630436.0,170551964.0,414000000.0
Atlanta Hawks,36.0,46.0,2023,159153393.0,163882464.0,353000000.0
Brooklyn Nets,32.0,50.0,2023,155015136.0,159621241.0,381000000.0
Utah Jazz,31.0,51.0,2023,133738448.0,137712338.0,318000000.0
San Antonio Spurs,22.0,60.0,2023,142867770.0,147112925.0,363000000.0
Toronto Raptors,25.0,57.0,2023,163054678.0,167899669.0,341000000.0
Memphis Grizzlies,27.0,55.0,2023,162649524.0,167482470.0,291000000.0
Detroit Pistons,14.0,68.0,2023,139233014.0,143370164.0,305000000.0
Washington Wizards,15.0,67.0,2023,150856313.0,155338839.0,362000000.0
Portland Trail Blazers,21.0,61.0,2023,165263993.0,170174630.0,335000000.0
Charlotte Hornets,21.0,61.0,2023,135774484.0,139808870.0,308000000.0
League Average,,,2023,,,
Team,,,2024,,,
Oklahoma City Thunder,68.0,14.0,2024,166418720.0,166418720.0,321000000.0
Boston Celtics,61.0,21.0,2024,195348491.0,195348491.0,452000000.0
Cleveland Cavaliers,64.0,18.0,2024,165110486.0,165110486.0,406000000.0
Minnesota Timberwolves,49.0,33.0,2024,203708244.0,203708244.0,328000000.0
Los Angeles Clippers,50.0,32.0,2024,174124752.0,174124752.0,351000000.0
Memphis Grizzlies,48.0,34.0,2024,165903638.0,165903638.0,299000000.0
Houston Rockets,52.0,30.0,2024,163038023.0,163038023.0,402000000.0
New York Knicks,51.0,31.0,2024,191906878.0,191906878.0,578000000.0
Denver Nuggets,50.0,32.0,2024,185864258.0,185864258.0,386000000.0
Golden State Warriors,48.0,34.0,2024,170316619.0,170316619.0,781000000.0
Milwaukee Bucks,48.0,34.0,2024,182559432.0,182559432.0,350000000.0
Indiana Pacers,50.0,32.0,2024,166742248.0,166742248.0,339000000.0
Detroit Pistons,44.0,38.0,2024,140501660.0,140501660.0,306000000.0
Los Angeles Lakers,50.0,32.0,2024,192057940.0,192057940.0,528000000.0
Miami Heat,37.0,45.0,2024,176102077.0,176102077.0,394000000.0
Sacramento Kings,40.0,42.0,2024,167811057.0,167811057.0,425000000.0
Orlando Magic,41.0,41.0,2024,152308863.0,152308863.0,317000000.0
Atlanta Hawks,40.0,42.0,2024,170057021.0,170057021.0,384000000.0
Dallas Mavericks,39.0,43.0,2024,174411922.0,174411922.0,430000000.0
Chicago Bulls,39.0,43.0,2024,165722496.0,165722496.0,402000000.0
San Antonio Spurs,34.0,48.0,2024,162395330.0,162395330.0,344000000.0
Portland Trail Blazers,36.0,46.0,2024,167012048.0,167012048.0,339000000.0
Phoenix Suns,36.0,46.0,2024,220708856.0,220708856.0,377000000.0
Toronto Raptors,30.0,52.0,2024,170516134.0,170516134.0,349000000.0
Philadelphia 76ers,24.0,58.0,2024,171336738.0,171336738.0,394000000.0
Brooklyn Nets,26.0,56.0,2024,168312896.0,168312896.0,389000000.0
Utah Jazz,17.0,65.0,2024,154060898.0,154060898.0,367000000.0
Charlotte Hornets,19.0,63.0,2024,168575524.0,168575524.0,304000000.0
New Orleans Pelicans,21.0,61.0,2024,172778396.0,172778396.0,311000000.0
Washington Wizards,18.0,64.0,2024,173806822.0,173806822.0,357000000.0
League Average,,,2024,,,
